Purple Catfruit Seed|The seed of a mystical fruit that helps|certain Cats realize their True potential.|　| //紫種
Red Catfruit Seed|The seed of a mystical fruit that helps|certain Cats realize their True potential.|　| //赤種
Blue Catfruit Seed|The seed of a mystical fruit that helps|certain Cats realize their True potential.|　| //青種
Green Catfruit Seed|The seed of a mystical fruit that helps|certain Cats realize their True potential.|　| //緑種
Yellow Catfruit Seed|The seed of a mystical fruit that helps|certain Cats realize their True potential.|　| //黄種
Purple Catfruit|A mystical fruit that helps certain|Cats realize their True potential.|　| //紫マタタビ
Red Catfruit|A mystical fruit that helps certain|Cats realize their True potential.|　| //赤マタタビ
Blue Catfruit|A mystical fruit that helps certain|Cats realize their True potential.|　| //青マタタビ
Green Catfruit|A mystical fruit that helps certain|Cats realize their True potential.|　| //緑マタタビ
Yellow Catfruit|A mystical fruit that helps certain|Cats realize their True potential.|　| //黄マタタビ
Epic Catfruit|A mystical fruit that helps certain|Cats realize their True potential.|　| //虹マタタビ
　|　|　|　|
