Not enough money!|
Still charging!|
Maximum level reached!|
You haven't gotten this yet!|
You cannot deploy this yet!|
Can't deploy any more!|
Not enough XP!|
You cannot get this yet!|
Please organize your Cats!|
【|
Cat Energy |
/|
(|
 min until full)|
】|
After|
:|
0|
1|
2|
3|
4|
5|
6|
7|
8|
9|
Time left|
You got an item!|
You got an item!|
Next Rank Bonus|User Rank|「|」|Reaching Rank |will acquire:|Rank |Acquired:|+|Reaching Rank |will get you a present! (Crazed Cats excluded)|Acquired:|
Rewards List|Timed Score|Score|: |×|＋| |Reach|Evolve Unit|Rewards List|
